# x_m,y_m,w_tr_right_m,w_tr_left_m
34.65,6.75,5,5
34.55,6.8500000000000005,5,5
34.449999999999996,6.8500000000000005,5,5
34.35,6.8500000000000005,5,5
34.25,6.8500000000000005,5,5
34.15,6.8500000000000005,5,5
34.05,6.8500000000000005,5,5
33.949999999999996,6.8500000000000005,5,5
33.85,6.8500000000000005,5,5
33.75,6.8500000000000005,5,5
33.65,6.8500000000000005,5,5
33.55,6.95,5,5
33.449999999999996,6.95,5,5
33.35,6.95,5,5
33.25,6.95,5,5
33.15,6.95,5,5
33.05,6.95,5,5
32.949999999999996,6.95,5,5
32.85,6.95,5,5
32.75,6.95,5,5
32.65,6.95,5,5
32.55,6.95,5,5
32.449999999999996,6.95,5,5
32.35,6.95,5,5
32.25,6.95,5,5
32.15,7.05,5,5
32.05,7.05,5,5
31.950000000000003,7.05,5,5
31.85,7.05,5,5
31.750000000000004,7.05,5,5
31.650000000000002,7.15,5,5
31.55,7.15,5,5
31.450000000000003,7.15,5,5
31.35,7.15,5,5
31.250000000000004,7.15,5,5
31.150000000000002,7.15,5,5
31.05,7.15,5,5
30.950000000000003,7.15,5,5
30.85,7.15,5,5
30.750000000000004,7.15,5,5
30.650000000000002,7.25,5,5
30.55,7.25,5,5
30.450000000000003,7.25,5,5
30.35,7.3500000000000005,5,5
30.250000000000004,7.3500000000000005,5,5
30.150000000000002,7.3500000000000005,5,5
30.05,7.45,5,5
29.950000000000003,7.45,5,5
29.85,7.45,5,5
29.750000000000004,7.45,5,5
29.650000000000002,7.45,5,5
29.55,7.55,5,5
29.450000000000003,7.55,5,5
29.35,7.55,5,5
29.250000000000004,7.55,5,5
29.150000000000002,7.55,5,5
29.05,7.65,5,5
28.950000000000003,7.65,5,5
28.85,7.65,5,5
28.750000000000004,7.65,5,5
28.650000000000002,7.75,5,5
28.55,7.75,5,5
28.450000000000003,7.75,5,5
28.35,7.8500000000000005,5,5
28.250000000000004,7.8500000000000005,5,5
28.150000000000002,7.8500000000000005,5,5
28.05,7.95,5,5
27.950000000000003,7.95,5,5
27.85,7.95,5,5
27.750000000000004,7.95,5,5
27.650000000000002,8.05,5,5
27.55,8.05,5,5
27.450000000000003,8.05,5,5
27.35,8.05,5,5
27.250000000000004,8.15,5,5
27.150000000000002,8.15,5,5
27.05,8.15,5,5
26.950000000000003,8.250000000000002,5,5
26.85,8.250000000000002,5,5
26.750000000000004,8.250000000000002,5,5
26.650000000000002,8.250000000000002,5,5
26.55,8.350000000000001,5,5
26.450000000000003,8.350000000000001,5,5
26.35,8.350000000000001,5,5
26.250000000000004,8.450000000000001,5,5
26.150000000000002,8.450000000000001,5,5
26.05,8.55,5,5
25.950000000000003,8.55,5,5
25.85,8.55,5,5
25.750000000000004,8.65,5,5
25.650000000000002,8.65,5,5
25.55,8.65,5,5
25.450000000000003,8.750000000000002,5,5
25.35,8.850000000000001,5,5
25.250000000000004,8.850000000000001,5,5
25.150000000000002,8.850000000000001,5,5
25.05,8.950000000000001,5,5
24.950000000000003,8.950000000000001,5,5
24.85,8.950000000000001,5,5
24.750000000000004,9.05,5,5
24.650000000000002,9.15,5,5
24.55,9.15,5,5
24.450000000000003,9.250000000000002,5,5
24.35,9.250000000000002,5,5
24.250000000000004,9.250000000000002,5,5
24.150000000000002,9.350000000000001,5,5
24.05,9.450000000000001,5,5
23.950000000000003,9.55,5,5
23.85,9.650000000000002,5,5
23.750000000000004,9.650000000000002,5,5
23.650000000000002,9.750000000000002,5,5
23.55,9.850000000000001,5,5
23.450000000000003,9.850000000000001,5,5
23.35,9.950000000000001,5,5
23.250000000000004,9.950000000000001,5,5
23.150000000000002,10.05,5,5
23.05,10.150000000000002,5,5
22.950000000000003,10.150000000000002,5,5
22.85,10.250000000000002,5,5
22.750000000000004,10.350000000000001,5,5
22.650000000000002,10.450000000000001,5,5
22.55,10.55,5,5
22.450000000000003,10.650000000000002,5,5
22.35,10.750000000000002,5,5
22.250000000000004,10.850000000000001,5,5
22.150000000000002,10.950000000000001,5,5
22.05,11.05,5,5
21.950000000000003,11.150000000000002,5,5
21.85,11.250000000000002,5,5
21.750000000000004,11.350000000000001,5,5
21.650000000000002,11.450000000000001,5,5
21.55,11.55,5,5
21.450000000000003,11.650000000000002,5,5
21.35,11.750000000000002,5,5
21.250000000000004,11.850000000000001,5,5
21.150000000000002,11.950000000000001,5,5
21.05,12.05,5,5
20.950000000000003,12.150000000000002,5,5
20.85,12.250000000000002,5,5
20.750000000000004,12.350000000000001,5,5
20.650000000000002,12.450000000000001,5,5
20.55,12.55,5,5
20.55,12.650000000000002,5,5
20.450000000000003,12.750000000000002,5,5
20.35,12.850000000000001,5,5
20.250000000000004,12.950000000000001,5,5
20.250000000000004,13.05,5,5
20.150000000000002,13.150000000000002,5,5
20.05,13.250000000000002,5,5
20.05,13.350000000000001,5,5
19.950000000000003,13.450000000000001,5,5
19.950000000000003,13.55,5,5
19.85,13.650000000000002,5,5
19.85,13.750000000000002,5,5
19.750000000000004,13.850000000000001,5,5
19.650000000000002,13.950000000000001,5,5
19.650000000000002,14.05,5,5
19.650000000000002,14.150000000000002,5,5
19.55,14.250000000000002,5,5
19.55,14.350000000000001,5,5
19.55,14.450000000000001,5,5
19.450000000000003,14.55,5,5
19.450000000000003,14.650000000000002,5,5
19.450000000000003,14.750000000000002,5,5
19.450000000000003,14.850000000000001,5,5
19.450000000000003,14.950000000000001,5,5
19.35,15.05,5,5
19.35,15.150000000000002,5,5
19.35,15.250000000000002,5,5
19.35,15.350000000000001,5,5
19.35,15.450000000000001,5,5
19.35,15.55,5,5
19.250000000000004,15.650000000000002,5,5
19.250000000000004,15.750000000000002,5,5
19.250000000000004,15.850000000000001,5,5
19.250000000000004,15.950000000000001,5,5
19.250000000000004,16.05,5,5
19.250000000000004,16.150000000000002,5,5
19.250000000000004,16.25,5,5
19.250000000000004,16.35,5,5
19.150000000000002,16.450000000000003,5,5
19.150000000000002,16.55,5,5
19.150000000000002,16.650000000000002,5,5
19.150000000000002,16.75,5,5
19.150000000000002,16.85,5,5
19.150000000000002,16.950000000000003,5,5
19.150000000000002,17.05,5,5
19.250000000000004,17.150000000000002,5,5
19.250000000000004,17.25,5,5
19.250000000000004,17.35,5,5
19.250000000000004,17.450000000000003,5,5
19.250000000000004,17.55,5,5
19.250000000000004,17.650000000000002,5,5
19.250000000000004,17.75,5,5
19.35,17.85,5,5
19.35,17.950000000000003,5,5
19.35,18.05,5,5
19.35,18.150000000000002,5,5
19.35,18.25,5,5
19.35,18.35,5,5
19.450000000000003,18.450000000000003,5,5
19.450000000000003,18.55,5,5
19.450000000000003,18.650000000000002,5,5
19.450000000000003,18.75,5,5
19.55,18.85,5,5
19.55,18.950000000000003,5,5
19.55,19.05,5,5
19.55,19.150000000000002,5,5
19.55,19.250000000000004,5,5
19.650000000000002,19.35,5,5
19.750000000000004,19.450000000000003,5,5
19.750000000000004,19.55,5,5
19.85,19.650000000000002,5,5
19.85,19.750000000000004,5,5
19.950000000000003,19.85,5,5
20.05,19.950000000000003,5,5
20.150000000000002,20.05,5,5
20.150000000000002,20.150000000000002,5,5
20.250000000000004,20.250000000000004,5,5
20.35,20.35,5,5
20.35,20.450000000000003,5,5
20.450000000000003,20.55,5,5
20.55,20.650000000000002,5,5
20.650000000000002,20.750000000000004,5,5
20.750000000000004,20.85,5,5
20.85,20.950000000000003,5,5
20.85,21.05,5,5
20.950000000000003,21.150000000000002,5,5
21.05,21.250000000000004,5,5
21.150000000000002,21.35,5,5
21.150000000000002,21.450000000000003,5,5
21.250000000000004,21.55,5,5
21.35,21.650000000000002,5,5
21.450000000000003,21.750000000000004,5,5
21.55,21.85,5,5
21.650000000000002,21.950000000000003,5,5
21.750000000000004,22.05,5,5
21.85,22.150000000000002,5,5
21.950000000000003,22.250000000000004,5,5
22.05,22.35,5,5
22.05,22.450000000000003,5,5
22.150000000000002,22.55,5,5
22.250000000000004,22.650000000000002,5,5
22.250000000000004,22.750000000000004,5,5
22.35,22.85,5,5
22.35,22.950000000000003,5,5
22.450000000000003,23.05,5,5
22.450000000000003,23.150000000000002,5,5
22.55,23.250000000000004,5,5
22.55,23.35,5,5
22.55,23.450000000000003,5,5
22.650000000000002,23.55,5,5
22.650000000000002,23.650000000000002,5,5
22.750000000000004,23.750000000000004,5,5
22.750000000000004,23.85,5,5
22.750000000000004,23.950000000000003,5,5
22.750000000000004,24.05,5,5
22.750000000000004,24.150000000000002,5,5
22.85,24.250000000000004,5,5
22.85,24.35,5,5
22.85,24.450000000000003,5,5
22.85,24.55,5,5
22.85,24.650000000000002,5,5
22.950000000000003,24.750000000000004,5,5
22.950000000000003,24.85,5,5
22.950000000000003,24.950000000000003,5,5
22.950000000000003,25.05,5,5
22.950000000000003,25.150000000000002,5,5
22.950000000000003,25.250000000000004,5,5
22.950000000000003,25.35,5,5
23.05,25.450000000000003,5,5
23.05,25.55,5,5
23.05,25.650000000000002,5,5
23.05,25.750000000000004,5,5
23.05,25.85,5,5
22.950000000000003,25.950000000000003,5,5
22.950000000000003,26.05,5,5
22.950000000000003,26.150000000000002,5,5
22.950000000000003,26.250000000000004,5,5
22.950000000000003,26.35,5,5
22.950000000000003,26.450000000000003,5,5
22.950000000000003,26.55,5,5
22.85,26.650000000000002,5,5
22.85,26.750000000000004,5,5
22.85,26.85,5,5
22.85,26.950000000000003,5,5
22.750000000000004,27.05,5,5
22.750000000000004,27.150000000000002,5,5
22.750000000000004,27.250000000000004,5,5
22.650000000000002,27.35,5,5
22.650000000000002,27.450000000000003,5,5
22.650000000000002,27.55,5,5
22.650000000000002,27.650000000000002,5,5
22.55,27.750000000000004,5,5
22.55,27.85,5,5
22.55,27.950000000000003,5,5
22.450000000000003,28.05,5,5
22.450000000000003,28.150000000000002,5,5
22.35,28.250000000000004,5,5
22.35,28.35,5,5
22.250000000000004,28.450000000000003,5,5
22.150000000000002,28.55,5,5
22.05,28.650000000000002,5,5
22.05,28.750000000000004,5,5
21.950000000000003,28.85,5,5
21.85,28.950000000000003,5,5
21.85,29.05,5,5
21.750000000000004,29.150000000000002,5,5
21.650000000000002,29.250000000000004,5,5
21.650000000000002,29.35,5,5
21.55,29.450000000000003,5,5
21.450000000000003,29.55,5,5
21.35,29.650000000000002,5,5
21.250000000000004,29.750000000000004,5,5
21.150000000000002,29.85,5,5
21.05,29.950000000000003,5,5
21.05,30.05,5,5
20.950000000000003,30.150000000000002,5,5
20.85,30.250000000000004,5,5
20.750000000000004,30.35,5,5
20.650000000000002,30.450000000000003,5,5
20.55,30.55,5,5
20.450000000000003,30.650000000000002,5,5
20.35,30.750000000000004,5,5
20.35,30.85,5,5
20.250000000000004,30.950000000000003,5,5
20.150000000000002,31.05,5,5
20.150000000000002,31.150000000000002,5,5
20.05,31.250000000000004,5,5
19.950000000000003,31.35,5,5
19.950000000000003,31.450000000000003,5,5
19.950000000000003,31.55,5,5
19.85,31.650000000000002,5,5
19.750000000000004,31.750000000000004,5,5
19.750000000000004,31.85,5,5
19.650000000000002,31.950000000000003,5,5
19.650000000000002,32.05,5,5
19.650000000000002,32.15,5,5
19.650000000000002,32.25,5,5
19.55,32.35,5,5
19.55,32.449999999999996,5,5
19.55,32.55,5,5
19.55,32.65,5,5
19.55,32.75,5,5
19.450000000000003,32.85,5,5
19.450000000000003,32.949999999999996,5,5
19.450000000000003,33.05,5,5
19.450000000000003,33.15,5,5
19.450000000000003,33.25,5,5
19.450000000000003,33.35,5,5
19.35,33.449999999999996,5,5
19.35,33.55,5,5
19.35,33.65,5,5
19.35,33.75,5,5
19.35,33.85,5,5
19.35,33.949999999999996,5,5
19.35,34.05,5,5
19.35,34.15,5,5
19.35,34.25,5,5
19.35,34.35,5,5
19.450000000000003,34.449999999999996,5,5
19.450000000000003,34.55,5,5
19.450000000000003,34.65,5,5
19.450000000000003,34.75,5,5
19.450000000000003,34.85,5,5
19.55,34.949999999999996,5,5
19.55,35.05,5,5
19.55,35.15,5,5
19.55,35.25,5,5
19.650000000000002,35.35,5,5
19.650000000000002,35.449999999999996,5,5
19.650000000000002,35.55,5,5
19.650000000000002,35.65,5,5
19.750000000000004,35.75,5,5
19.750000000000004,35.85,5,5
19.750000000000004,35.949999999999996,5,5
19.85,36.05,5,5
19.950000000000003,36.15,5,5
20.05,36.25,5,5
20.150000000000002,36.35,5,5
20.250000000000004,36.449999999999996,5,5
20.35,36.55,5,5
20.450000000000003,36.55,5,5
20.55,36.65,5,5
20.650000000000002,36.75,5,5
20.750000000000004,36.85,5,5
20.85,36.85,5,5
20.950000000000003,36.949999999999996,5,5
21.05,37.05,5,5
21.150000000000002,37.05,5,5
21.250000000000004,37.15,5,5
21.35,37.25,5,5
21.450000000000003,37.25,5,5
21.55,37.35,5,5
21.650000000000002,37.35,5,5
21.750000000000004,37.35,5,5
21.85,37.449999999999996,5,5
21.950000000000003,37.449999999999996,5,5
22.05,37.449999999999996,5,5
22.150000000000002,37.55,5,5
22.250000000000004,37.55,5,5
22.35,37.55,5,5
22.450000000000003,37.65,5,5
22.55,37.65,5,5
22.650000000000002,37.65,5,5
22.750000000000004,37.65,5,5
22.85,37.65,5,5
22.950000000000003,37.75,5,5
23.05,37.75,5,5
23.150000000000002,37.75,5,5
23.250000000000004,37.75,5,5
23.35,37.75,5,5
23.450000000000003,37.75,5,5
23.55,37.75,5,5
23.650000000000002,37.85,5,5
23.750000000000004,37.85,5,5
23.85,37.85,5,5
23.950000000000003,37.75,5,5
24.05,37.75,5,5
24.150000000000002,37.75,5,5
24.250000000000004,37.75,5,5
24.35,37.75,5,5
24.450000000000003,37.75,5,5
24.55,37.75,5,5
24.650000000000002,37.65,5,5
24.750000000000004,37.65,5,5
24.85,37.65,5,5
24.950000000000003,37.65,5,5
25.05,37.65,5,5
25.150000000000002,37.65,5,5
25.250000000000004,37.55,5,5
25.35,37.55,5,5
25.450000000000003,37.55,5,5
25.55,37.449999999999996,5,5
25.650000000000002,37.449999999999996,5,5
25.750000000000004,37.449999999999996,5,5
25.85,37.449999999999996,5,5
25.950000000000003,37.35,5,5
26.05,37.35,5,5
26.150000000000002,37.35,5,5
26.250000000000004,37.25,5,5
26.35,37.25,5,5
26.450000000000003,37.15,5,5
26.55,37.15,5,5
26.650000000000002,37.15,5,5
26.750000000000004,37.05,5,5
26.85,37.05,5,5
26.950000000000003,36.949999999999996,5,5
27.05,36.949999999999996,5,5
27.150000000000002,36.85,5,5
27.250000000000004,36.85,5,5
27.35,36.75,5,5
27.450000000000003,36.75,5,5
27.55,36.65,5,5
27.650000000000002,36.65,5,5
27.750000000000004,36.55,5,5
27.85,36.55,5,5
27.950000000000003,36.449999999999996,5,5
28.05,36.449999999999996,5,5
28.150000000000002,36.35,5,5
28.250000000000004,36.35,5,5
28.35,36.25,5,5
28.450000000000003,36.15,5,5
28.55,36.05,5,5
28.650000000000002,36.05,5,5
28.750000000000004,35.949999999999996,5,5
28.85,35.85,5,5
28.950000000000003,35.75,5,5
29.05,35.75,5,5
29.150000000000002,35.65,5,5
29.250000000000004,35.55,5,5
29.35,35.449999999999996,5,5
29.450000000000003,35.35,5,5
29.55,35.25,5,5
29.650000000000002,35.25,5,5
29.750000000000004,35.15,5,5
29.85,35.05,5,5
29.950000000000003,34.949999999999996,5,5
30.05,34.949999999999996,5,5
30.150000000000002,34.85,5,5
30.250000000000004,34.75,5,5
30.35,34.75,5,5
30.450000000000003,34.65,5,5
30.55,34.65,5,5
30.650000000000002,34.55,5,5
30.750000000000004,34.449999999999996,5,5
30.85,34.449999999999996,5,5
30.950000000000003,34.35,5,5
31.05,34.35,5,5
31.150000000000002,34.25,5,5
31.250000000000004,34.15,5,5
31.35,34.05,5,5
31.450000000000003,34.05,5,5
31.55,33.949999999999996,5,5
31.650000000000002,33.85,5,5
31.750000000000004,33.85,5,5
31.85,33.75,5,5
31.950000000000003,33.65,5,5
32.05,33.65,5,5
32.15,33.55,5,5
32.25,33.449999999999996,5,5
32.35,33.449999999999996,5,5
32.449999999999996,33.35,5,5
32.55,33.25,5,5
32.65,33.25,5,5
32.75,33.15,5,5
32.85,33.05,5,5
32.949999999999996,33.05,5,5
33.05,32.949999999999996,5,5
33.15,32.85,5,5
33.25,32.85,5,5
33.35,32.85,5,5
33.449999999999996,32.75,5,5
33.55,32.65,5,5
33.65,32.65,5,5
33.75,32.55,5,5
33.85,32.449999999999996,5,5
33.949999999999996,32.449999999999996,5,5
34.05,32.35,5,5
34.15,32.35,5,5
34.25,32.25,5,5
34.35,32.25,5,5
34.449999999999996,32.25,5,5
34.55,32.15,5,5
34.65,32.15,5,5
34.75,32.05,5,5
34.85,32.05,5,5
34.949999999999996,31.950000000000003,5,5
35.05,31.950000000000003,5,5
35.15,31.85,5,5
35.25,31.750000000000004,5,5
35.35,31.750000000000004,5,5
35.449999999999996,31.650000000000002,5,5
35.55,31.650000000000002,5,5
35.65,31.55,5,5
35.75,31.55,5,5
35.85,31.450000000000003,5,5
35.949999999999996,31.450000000000003,5,5
36.05,31.35,5,5
36.15,31.35,5,5
36.25,31.250000000000004,5,5
36.35,31.250000000000004,5,5
36.449999999999996,31.250000000000004,5,5
36.55,31.150000000000002,5,5
36.65,31.150000000000002,5,5
36.75,31.05,5,5
36.85,31.05,5,5
36.949999999999996,30.950000000000003,5,5
37.05,30.950000000000003,5,5
37.15,30.950000000000003,5,5
37.25,30.85,5,5
37.35,30.85,5,5
37.449999999999996,30.85,5,5
37.55,30.750000000000004,5,5
37.65,30.750000000000004,5,5
37.75,30.750000000000004,5,5
37.85,30.650000000000002,5,5
37.949999999999996,30.650000000000002,5,5
38.05,30.650000000000002,5,5
38.15,30.55,5,5
38.25,30.55,5,5
38.35,30.55,5,5
38.45,30.55,5,5
38.55,30.55,5,5
38.65,30.450000000000003,5,5
38.75,30.450000000000003,5,5
38.85,30.450000000000003,5,5
38.95,30.35,5,5
39.05,30.35,5,5
39.15,30.35,5,5
39.25,30.250000000000004,5,5
39.35,30.250000000000004,5,5
39.45,30.250000000000004,5,5
39.55,30.150000000000002,5,5
39.65,30.150000000000002,5,5
39.75,30.150000000000002,5,5
39.85,30.150000000000002,5,5
39.95,30.150000000000002,5,5
40.05,30.150000000000002,5,5
40.15,30.150000000000002,5,5
40.25,30.05,5,5
40.35,30.05,5,5
40.45,30.05,5,5
40.55,30.05,5,5
40.65,29.950000000000003,5,5
40.75,29.950000000000003,5,5
40.85,29.950000000000003,5,5
40.95,29.950000000000003,5,5
41.05,29.950000000000003,5,5
41.15,29.950000000000003,5,5
41.25,29.85,5,5
41.35,29.85,5,5
41.45,29.85,5,5
41.55,29.85,5,5
41.65,29.85,5,5
41.75,29.750000000000004,5,5
41.85,29.750000000000004,5,5
41.95,29.750000000000004,5,5
42.05,29.750000000000004,5,5
42.15,29.750000000000004,5,5
42.25,29.750000000000004,5,5
42.35,29.750000000000004,5,5
42.45,29.750000000000004,5,5
42.55,29.650000000000002,5,5
42.65,29.650000000000002,5,5
42.75,29.650000000000002,5,5
42.85,29.650000000000002,5,5
42.95,29.650000000000002,5,5
43.05,29.55,5,5
43.15,29.55,5,5
43.25,29.55,5,5
43.35,29.55,5,5
43.45,29.55,5,5
43.55,29.55,5,5
43.65,29.55,5,5
43.75,29.55,5,5
43.85,29.450000000000003,5,5
43.95,29.450000000000003,5,5
44.05,29.450000000000003,5,5
44.15,29.450000000000003,5,5
44.25,29.450000000000003,5,5
44.35,29.35,5,5
44.45,29.35,5,5
44.55,29.35,5,5
44.65,29.35,5,5
44.75,29.35,5,5
44.85,29.35,5,5
44.95,29.35,5,5
45.05,29.35,5,5
45.15,29.250000000000004,5,5
45.25,29.250000000000004,5,5
45.35,29.250000000000004,5,5
45.45,29.250000000000004,5,5
45.55,29.250000000000004,5,5
45.65,29.150000000000002,5,5
45.75,29.150000000000002,5,5
45.85,29.150000000000002,5,5
45.95,29.150000000000002,5,5
46.05,29.150000000000002,5,5
46.15,29.150000000000002,5,5
46.25,29.150000000000002,5,5
46.35,29.05,5,5
46.45,29.05,5,5
46.55,29.05,5,5
46.65,29.05,5,5
46.75,29.05,5,5
46.85,29.05,5,5
46.95,28.950000000000003,5,5
47.05,28.950000000000003,5,5
47.15,28.950000000000003,5,5
47.25,28.950000000000003,5,5
47.35,28.950000000000003,5,5
47.45,28.950000000000003,5,5
47.55,28.950000000000003,5,5
47.65,28.950000000000003,5,5
47.75,28.950000000000003,5,5
47.85,28.950000000000003,5,5
47.95,28.85,5,5
48.05,28.85,5,5
48.15,28.85,5,5
48.25,28.85,5,5
48.35,28.750000000000004,5,5
48.45,28.750000000000004,5,5
48.55,28.750000000000004,5,5
48.65,28.750000000000004,5,5
48.75,28.750000000000004,5,5
48.85,28.650000000000002,5,5
48.95,28.650000000000002,5,5
49.05,28.650000000000002,5,5
49.15,28.650000000000002,5,5
49.25,28.650000000000002,5,5
49.35,28.650000000000002,5,5
49.45,28.55,5,5
49.55,28.55,5,5
49.65,28.55,5,5
49.75,28.55,5,5
49.85,28.450000000000003,5,5
49.95,28.450000000000003,5,5
50.05,28.450000000000003,5,5
50.15,28.450000000000003,5,5
50.25,28.450000000000003,5,5
50.35,28.450000000000003,5,5
50.45,28.450000000000003,5,5
50.55,28.450000000000003,5,5
50.65,28.35,5,5
50.75,28.35,5,5
50.85,28.35,5,5
50.95,28.250000000000004,5,5
51.05,28.250000000000004,5,5
51.15,28.250000000000004,5,5
51.25,28.250000000000004,5,5
51.35,28.250000000000004,5,5
51.45,28.150000000000002,5,5
51.55,28.150000000000002,5,5
51.65,28.150000000000002,5,5
51.75,28.150000000000002,5,5
51.85,28.150000000000002,5,5
51.95,28.05,5,5
52.05,28.05,5,5
52.15,28.05,5,5
52.25,28.05,5,5
52.35,27.950000000000003,5,5
52.45,27.950000000000003,5,5
52.55,27.950000000000003,5,5
52.65,27.85,5,5
52.75,27.85,5,5
52.85,27.85,5,5
52.95,27.85,5,5
53.05,27.750000000000004,5,5
53.15,27.750000000000004,5,5
53.25,27.750000000000004,5,5
53.35,27.750000000000004,5,5
53.45,27.750000000000004,5,5
53.55,27.750000000000004,5,5
53.65,27.750000000000004,5,5
53.75,27.750000000000004,5,5
53.85,27.750000000000004,5,5
53.95,27.750000000000004,5,5
54.05,27.650000000000002,5,5
54.15,27.650000000000002,5,5
54.25,27.55,5,5
54.35,27.55,5,5
54.45,27.55,5,5
54.55,27.450000000000003,5,5
54.65,27.450000000000003,5,5
54.75,27.450000000000003,5,5
54.85,27.450000000000003,5,5
54.95,27.450000000000003,5,5
55.05,27.450000000000003,5,5
55.15,27.450000000000003,5,5
55.25,27.35,5,5
55.35,27.35,5,5
55.45,27.35,5,5
55.55,27.35,5,5
55.65,27.35,5,5
55.75,27.250000000000004,5,5
55.85,27.250000000000004,5,5
55.95,27.250000000000004,5,5
56.05,27.250000000000004,5,5
56.15,27.250000000000004,5,5
56.25,27.150000000000002,5,5
56.35,27.150000000000002,5,5
56.45,27.150000000000002,5,5
56.55,27.150000000000002,5,5
56.65,27.150000000000002,5,5
56.75,27.05,5,5
56.85,27.05,5,5
56.95,27.05,5,5
57.05,27.05,5,5
57.15,27.05,5,5
57.25,26.950000000000003,5,5
57.35,26.950000000000003,5,5
57.45,26.950000000000003,5,5
57.55,26.950000000000003,5,5
57.65,26.950000000000003,5,5
57.75,26.950000000000003,5,5
57.85,26.950000000000003,5,5
57.95,26.85,5,5
58.05,26.85,5,5
58.15,26.85,5,5
58.25,26.85,5,5
58.35,26.750000000000004,5,5
58.45,26.750000000000004,5,5
58.55,26.750000000000004,5,5
58.65,26.750000000000004,5,5
58.75,26.750000000000004,5,5
58.85,26.650000000000002,5,5
58.95,26.650000000000002,5,5
59.05,26.650000000000002,5,5
59.15,26.650000000000002,5,5
59.25,26.55,5,5
59.35,26.55,5,5
59.45,26.55,5,5
59.55,26.55,5,5
59.65,26.55,5,5
59.75,26.450000000000003,5,5
59.85,26.450000000000003,5,5
59.95,26.450000000000003,5,5
60.05,26.450000000000003,5,5
60.15,26.450000000000003,5,5
60.25,26.35,5,5
60.35,26.35,5,5
60.45,26.35,5,5
60.55,26.35,5,5
60.65,26.35,5,5
60.75,26.35,5,5
60.85,26.35,5,5
60.95,26.250000000000004,5,5
61.05,26.250000000000004,5,5
61.15,26.250000000000004,5,5
61.25,26.250000000000004,5,5
61.35,26.250000000000004,5,5
61.45,26.150000000000002,5,5
61.55,26.150000000000002,5,5
61.65,26.150000000000002,5,5
61.75,26.150000000000002,5,5
61.85,26.150000000000002,5,5
61.95,26.150000000000002,5,5
62.05,26.150000000000002,5,5
62.15,26.150000000000002,5,5
62.25,26.150000000000002,5,5
62.35,26.150000000000002,5,5
62.45,26.05,5,5
62.55,26.05,5,5
62.65,26.05,5,5
62.75,25.950000000000003,5,5
62.85,25.950000000000003,5,5
62.95,25.950000000000003,5,5
63.05,25.950000000000003,5,5
63.15,25.950000000000003,5,5
63.25,25.950000000000003,5,5
63.35,25.950000000000003,5,5
63.45,25.950000000000003,5,5
63.55,25.950000000000003,5,5
63.65,25.950000000000003,5,5
63.75,25.85,5,5
63.85,25.85,5,5
63.95,25.85,5,5
64.05,25.85,5,5
64.15,25.85,5,5
64.25,25.85,5,5
64.35,25.85,5,5
64.45,25.85,5,5
64.55,25.85,5,5
64.65,25.750000000000004,5,5
64.75,25.750000000000004,5,5
64.85,25.750000000000004,5,5
64.95,25.750000000000004,5,5
65.05,25.750000000000004,5,5
65.15,25.750000000000004,5,5
65.25,25.750000000000004,5,5
65.35,25.650000000000002,5,5
65.45,25.650000000000002,5,5
65.55,25.650000000000002,5,5
65.65,25.650000000000002,5,5
65.75,25.55,5,5
65.85,25.55,5,5
65.95,25.55,5,5
66.05,25.55,5,5
66.15,25.55,5,5
66.25,25.55,5,5
66.35,25.450000000000003,5,5
66.45,25.450000000000003,5,5
66.55,25.450000000000003,5,5
66.65,25.35,5,5
66.75,25.35,5,5
66.85,25.35,5,5
66.95,25.35,5,5
67.05,25.35,5,5
67.15,25.35,5,5
67.25,25.35,5,5
67.35,25.35,5,5
67.45,25.35,5,5
67.55,25.35,5,5
67.65,25.250000000000004,5,5
67.75,25.250000000000004,5,5
67.85,25.150000000000002,5,5
67.95,25.150000000000002,5,5
68.05,25.150000000000002,5,5
68.15,25.150000000000002,5,5
68.25,25.150000000000002,5,5
68.35,25.150000000000002,5,5
68.45,25.150000000000002,5,5
68.55,25.150000000000002,5,5
68.65,25.150000000000002,5,5
68.75,25.150000000000002,5,5
68.85,25.05,5,5
68.95,25.05,5,5
69.05,25.05,5,5
69.15,25.05,5,5
69.25,25.05,5,5
69.35,25.05,5,5
69.45,25.05,5,5
69.55,25.05,5,5
69.65,25.05,5,5
69.75,25.05,5,5
69.85,24.950000000000003,5,5
69.95,24.950000000000003,5,5
70.05,24.950000000000003,5,5
70.15,24.950000000000003,5,5
70.25,24.950000000000003,5,5
70.35,24.950000000000003,5,5
70.45,24.950000000000003,5,5
70.55,24.950000000000003,5,5
70.65,25.05,5,5
70.75,25.05,5,5
70.85,25.05,5,5
70.95,25.05,5,5
71.05,25.05,5,5
71.15,25.05,5,5
71.25,25.05,5,5
71.35,25.05,5,5
71.45,25.05,5,5
71.55,25.150000000000002,5,5
71.65,25.150000000000002,5,5
71.75,25.150000000000002,5,5
71.85,25.150000000000002,5,5
71.95,25.150000000000002,5,5
72.05,25.250000000000004,5,5
72.15,25.250000000000004,5,5
72.25,25.250000000000004,5,5
72.35,25.35,5,5
72.45,25.35,5,5
72.55,25.35,5,5
72.65,25.35,5,5
72.75,25.35,5,5
72.85,25.450000000000003,5,5
72.95,25.450000000000003,5,5
73.05,25.450000000000003,5,5
73.15,25.450000000000003,5,5
73.25,25.55,5,5
73.35,25.650000000000002,5,5
73.45,25.650000000000002,5,5
73.55,25.750000000000004,5,5
73.65,25.750000000000004,5,5
73.75,25.85,5,5
73.85,25.950000000000003,5,5
73.95,26.05,5,5
73.95,26.150000000000002,5,5
74.05,26.250000000000004,5,5
74.05,26.35,5,5
74.05,26.450000000000003,5,5
74.15,26.55,5,5
74.15,26.650000000000002,5,5
74.15,26.750000000000004,5,5
74.15,26.85,5,5
74.25,26.950000000000003,5,5
74.25,27.05,5,5
74.25,27.150000000000002,5,5
74.25,27.250000000000004,5,5
74.25,27.35,5,5
74.35,27.450000000000003,5,5
74.35,27.55,5,5
74.35,27.650000000000002,5,5
74.35,27.750000000000004,5,5
74.35,27.85,5,5
74.25,27.950000000000003,5,5
74.25,28.05,5,5
74.25,28.150000000000002,5,5
74.25,28.250000000000004,5,5
74.15,28.35,5,5
74.15,28.450000000000003,5,5
74.15,28.55,5,5
74.15,28.650000000000002,5,5
74.05,28.750000000000004,5,5
74.05,28.85,5,5
74.05,28.950000000000003,5,5
74.05,29.05,5,5
74.05,29.150000000000002,5,5
73.95,29.250000000000004,5,5
73.85,29.35,5,5
73.75,29.450000000000003,5,5
73.65,29.55,5,5
73.55,29.650000000000002,5,5
73.55,29.750000000000004,5,5
73.45,29.85,5,5
73.35,29.950000000000003,5,5
73.25,29.950000000000003,5,5
73.15,30.05,5,5
73.05,30.150000000000002,5,5
72.95,30.250000000000004,5,5
72.85,30.250000000000004,5,5
72.75,30.250000000000004,5,5
72.65,30.35,5,5
72.55,30.35,5,5
72.45,30.450000000000003,5,5
72.35,30.450000000000003,5,5
72.25,30.55,5,5
72.15,30.55,5,5
72.05,30.650000000000002,5,5
71.95,30.650000000000002,5,5
71.85,30.750000000000004,5,5
71.75,30.750000000000004,5,5
71.65,30.85,5,5
71.55,30.85,5,5
71.45,30.85,5,5
71.35,30.950000000000003,5,5
71.25,30.950000000000003,5,5
71.15,30.950000000000003,5,5
71.05,30.950000000000003,5,5
70.95,31.05,5,5
70.85,31.05,5,5
70.75,31.05,5,5
70.65,31.150000000000002,5,5
70.55,31.150000000000002,5,5
70.45,31.150000000000002,5,5
70.35,31.250000000000004,5,5
70.25,31.250000000000004,5,5
70.15,31.250000000000004,5,5
70.05,31.35,5,5
69.95,31.35,5,5
69.85,31.35,5,5
69.75,31.450000000000003,5,5
69.65,31.450000000000003,5,5
69.55,31.55,5,5
69.45,31.55,5,5
69.35,31.650000000000002,5,5
69.25,31.650000000000002,5,5
69.15,31.650000000000002,5,5
69.05,31.750000000000004,5,5
68.95,31.750000000000004,5,5
68.85,31.750000000000004,5,5
68.75,31.85,5,5
68.65,31.85,5,5
68.55,31.85,5,5
68.45,31.85,5,5
68.35,31.950000000000003,5,5
68.25,31.950000000000003,5,5
68.15,31.950000000000003,5,5
68.05,31.950000000000003,5,5
67.95,32.05,5,5
67.85,32.05,5,5
67.75,32.15,5,5
67.65,32.15,5,5
67.55,32.15,5,5
67.45,32.25,5,5
67.35,32.25,5,5
67.25,32.35,5,5
67.15,32.35,5,5
67.05,32.449999999999996,5,5
66.95,32.449999999999996,5,5
66.85,32.55,5,5
66.75,32.55,5,5
66.65,32.55,5,5
66.55,32.65,5,5
66.45,32.65,5,5
66.35,32.65,5,5
66.25,32.75,5,5
66.15,32.75,5,5
66.05,32.75,5,5
65.95,32.85,5,5
65.85,32.85,5,5
65.75,32.85,5,5
65.65,32.949999999999996,5,5
65.55,32.949999999999996,5,5
65.45,33.05,5,5
65.35,33.05,5,5
65.25,33.15,5,5
65.15,33.15,5,5
65.05,33.25,5,5
64.95,33.25,5,5
64.85,33.35,5,5
64.75,33.35,5,5
64.65,33.449999999999996,5,5
64.55,33.449999999999996,5,5
64.45,33.449999999999996,5,5
64.35,33.55,5,5
64.25,33.55,5,5
64.15,33.55,5,5
64.05,33.65,5,5
63.95,33.65,5,5
63.85,33.75,5,5
63.75,33.75,5,5
63.65,33.85,5,5
63.55,33.85,5,5
63.45,33.949999999999996,5,5
63.35,33.949999999999996,5,5
63.25,34.05,5,5
63.15,34.05,5,5
63.05,34.15,5,5
62.95,34.15,5,5
62.85,34.15,5,5
62.75,34.25,5,5
62.65,34.25,5,5
62.55,34.35,5,5
62.45,34.35,5,5
62.35,34.449999999999996,5,5
62.25,34.449999999999996,5,5
62.15,34.55,5,5
62.05,34.55,5,5
61.95,34.55,5,5
61.85,34.65,5,5
61.75,34.65,5,5
61.65,34.75,5,5
61.55,34.75,5,5
61.45,34.85,5,5
61.35,34.949999999999996,5,5
61.25,35.05,5,5
61.15,35.05,5,5
61.05,35.15,5,5
60.95,35.15,5,5
60.85,35.25,5,5
60.75,35.35,5,5
60.65,35.449999999999996,5,5
60.55,35.55,5,5
60.55,35.65,5,5
60.55,35.75,5,5
60.45,35.85,5,5
60.45,35.949999999999996,5,5
60.45,36.05,5,5
60.35,36.15,5,5
60.35,36.25,5,5
60.35,36.35,5,5
60.35,36.449999999999996,5,5
60.25,36.55,5,5
60.25,36.65,5,5
60.25,36.75,5,5
60.25,36.85,5,5
60.25,36.949999999999996,5,5
60.25,37.05,5,5
60.25,37.15,5,5
60.25,37.25,5,5
60.25,37.35,5,5
60.25,37.449999999999996,5,5
60.25,37.55,5,5
60.35,37.65,5,5
60.35,37.75,5,5
60.35,37.85,5,5
60.35,37.949999999999996,5,5
60.45,38.05,5,5
60.45,38.15,5,5
60.45,38.25,5,5
60.45,38.35,5,5
60.55,38.45,5,5
60.55,38.55,5,5
60.55,38.65,5,5
60.65,38.75,5,5
60.75,38.85,5,5
60.85,38.95,5,5
60.85,39.05,5,5
60.95,39.15,5,5
61.05,39.15,5,5
61.15,39.25,5,5
61.25,39.35,5,5
61.35,39.45,5,5
61.45,39.45,5,5
61.55,39.55,5,5
61.65,39.55,5,5
61.75,39.65,5,5
61.85,39.65,5,5
61.95,39.65,5,5
62.05,39.75,5,5
62.15,39.75,5,5
62.25,39.85,5,5
62.35,39.85,5,5
62.45,39.85,5,5
62.55,39.85,5,5
62.65,39.95,5,5
62.75,39.95,5,5
62.85,40.05,5,5
62.95,40.05,5,5
63.05,40.05,5,5
63.15,40.05,5,5
63.25,40.05,5,5
63.35,40.05,5,5
63.45,40.05,5,5
63.55,40.05,5,5
63.65,40.15,5,5
63.75,40.15,5,5
63.85,40.15,5,5
63.95,40.15,5,5
64.05,40.15,5,5
64.15,40.15,5,5
64.25,40.25,5,5
64.35,40.15,5,5
64.45,40.15,5,5
64.55,40.15,5,5
64.65,40.15,5,5
64.75,40.15,5,5
64.85,40.15,5,5
64.95,40.05,5,5
65.05,40.05,5,5
65.15,40.05,5,5
65.25,40.05,5,5
65.35,40.05,5,5
65.45,40.05,5,5
65.55,39.95,5,5
65.65,39.95,5,5
65.75,39.95,5,5
65.85,39.95,5,5
65.95,39.95,5,5
66.05,39.85,5,5
66.15,39.85,5,5
66.25,39.85,5,5
66.35,39.75,5,5
66.45,39.75,5,5
66.55,39.65,5,5
66.65,39.65,5,5
66.75,39.55,5,5
66.85,39.55,5,5
66.95,39.45,5,5
67.05,39.45,5,5
67.15,39.45,5,5
67.25,39.35,5,5
67.35,39.35,5,5
67.45,39.35,5,5
67.55,39.25,5,5
67.65,39.25,5,5
67.75,39.15,5,5
67.85,39.15,5,5
67.95,39.05,5,5
68.05,38.95,5,5
68.15,38.95,5,5
68.25,38.85,5,5
68.35,38.85,5,5
68.45,38.75,5,5
68.55,38.75,5,5
68.65,38.75,5,5
68.75,38.65,5,5
68.85,38.65,5,5
68.95,38.65,5,5
69.05,38.55,5,5
69.15,38.55,5,5
69.25,38.45,5,5
69.35,38.45,5,5
69.45,38.35,5,5
69.55,38.35,5,5
69.65,38.25,5,5
69.75,38.25,5,5
69.85,38.15,5,5
69.95,38.15,5,5
70.05,38.05,5,5
70.15,38.05,5,5
70.25,38.05,5,5
70.35,37.949999999999996,5,5
70.45,37.949999999999996,5,5
70.55,37.949999999999996,5,5
70.65,37.85,5,5
70.75,37.85,5,5
70.85,37.85,5,5
70.95,37.75,5,5
71.05,37.65,5,5
71.15,37.55,5,5
71.25,37.55,5,5
71.35,37.449999999999996,5,5
71.45,37.449999999999996,5,5
71.55,37.35,5,5
71.65,37.35,5,5
71.75,37.35,5,5
71.85,37.25,5,5
71.95,37.25,5,5
72.05,37.25,5,5
72.15,37.15,5,5
72.25,37.05,5,5
72.35,37.05,5,5
72.45,37.05,5,5
72.55,36.949999999999996,5,5
72.65,36.949999999999996,5,5
72.75,36.85,5,5
72.85,36.85,5,5
72.95,36.75,5,5
73.05,36.75,5,5
73.15,36.65,5,5
73.25,36.65,5,5
73.35,36.55,5,5
73.45,36.55,5,5
73.55,36.449999999999996,5,5
73.65,36.449999999999996,5,5
73.75,36.35,5,5
73.85,36.35,5,5
73.95,36.35,5,5
74.05,36.25,5,5
74.15,36.15,5,5
74.25,36.15,5,5
74.35,36.05,5,5
74.45,35.949999999999996,5,5
74.55,35.949999999999996,5,5
74.65,35.85,5,5
74.75,35.85,5,5
74.85,35.75,5,5
74.95,35.65,5,5
75.05,35.65,5,5
75.15,35.55,5,5
75.25,35.55,5,5
75.35,35.449999999999996,5,5
75.45,35.449999999999996,5,5
75.55,35.35,5,5
75.65,35.35,5,5
75.75,35.25,5,5
75.85,35.25,5,5
75.95,35.15,5,5
76.05,35.05,5,5
76.15,35.05,5,5
76.25,34.949999999999996,5,5
76.35,34.949999999999996,5,5
76.45,34.85,5,5
76.55,34.85,5,5
76.65,34.75,5,5
76.75,34.65,5,5
76.85000000000001,34.65,5,5
76.95,34.55,5,5
77.05,34.55,5,5
77.15,34.449999999999996,5,5
77.25,34.35,5,5
77.35000000000001,34.35,5,5
77.45,34.25,5,5
77.55,34.15,5,5
77.65,34.05,5,5
77.75,34.05,5,5
77.85000000000001,33.949999999999996,5,5
77.95,33.85,5,5
78.05,33.85,5,5
78.15,33.75,5,5
78.25,33.65,5,5
78.35000000000001,33.65,5,5
78.45,33.55,5,5
78.55,33.449999999999996,5,5
78.65,33.35,5,5
78.75,33.35,5,5
78.85000000000001,33.25,5,5
78.95,33.15,5,5
79.05,33.15,5,5
79.15,33.05,5,5
79.25,32.949999999999996,5,5
79.35000000000001,32.949999999999996,5,5
79.45,32.85,5,5
79.55,32.75,5,5
79.65,32.65,5,5
79.75,32.65,5,5
79.85000000000001,32.55,5,5
79.95,32.449999999999996,5,5
80.05,32.35,5,5
80.15,32.25,5,5
80.25,32.25,5,5
80.35000000000001,32.15,5,5
80.45,32.05,5,5
80.45,31.950000000000003,5,5
80.55,31.85,5,5
80.65,31.750000000000004,5,5
80.75,31.650000000000002,5,5
80.75,31.55,5,5
80.85000000000001,31.450000000000003,5,5
80.95,31.35,5,5
81.05,31.250000000000004,5,5
81.05,31.150000000000002,5,5
81.05,31.05,5,5
81.15,30.950000000000003,5,5
81.15,30.85,5,5
81.15,30.750000000000004,5,5
81.25,30.650000000000002,5,5
81.35000000000001,30.55,5,5
81.35000000000001,30.450000000000003,5,5
81.35000000000001,30.35,5,5
81.35000000000001,30.250000000000004,5,5
81.35000000000001,30.150000000000002,5,5
81.45,30.05,5,5
81.45,29.950000000000003,5,5
81.55,29.85,5,5
81.55,29.750000000000004,5,5
81.55,29.650000000000002,5,5
81.55,29.55,5,5
81.65,29.450000000000003,5,5
81.65,29.35,5,5
81.65,29.250000000000004,5,5
81.65,29.150000000000002,5,5
81.65,29.05,5,5
81.75,28.950000000000003,5,5
81.75,28.85,5,5
81.75,28.750000000000004,5,5
81.75,28.650000000000002,5,5
81.75,28.55,5,5
81.75,28.450000000000003,5,5
81.75,28.35,5,5
81.75,28.250000000000004,5,5
81.75,28.150000000000002,5,5
81.85000000000001,28.05,5,5
81.85000000000001,27.950000000000003,5,5
81.85000000000001,27.85,5,5
81.85000000000001,27.750000000000004,5,5
81.85000000000001,27.650000000000002,5,5
81.85000000000001,27.55,5,5
81.85000000000001,27.450000000000003,5,5
81.85000000000001,27.35,5,5
81.85000000000001,27.250000000000004,5,5
81.85000000000001,27.150000000000002,5,5
81.85000000000001,27.05,5,5
81.85000000000001,26.950000000000003,5,5
81.85000000000001,26.85,5,5
81.85000000000001,26.750000000000004,5,5
81.85000000000001,26.650000000000002,5,5
81.85000000000001,26.55,5,5
81.85000000000001,26.450000000000003,5,5
81.85000000000001,26.35,5,5
81.85000000000001,26.250000000000004,5,5
81.85000000000001,26.150000000000002,5,5
81.85000000000001,26.05,5,5
81.85000000000001,25.950000000000003,5,5
81.75,25.85,5,5
81.75,25.750000000000004,5,5
81.75,25.650000000000002,5,5
81.75,25.55,5,5
81.65,25.450000000000003,5,5
81.65,25.35,5,5
81.65,25.250000000000004,5,5
81.65,25.150000000000002,5,5
81.65,25.05,5,5
81.65,24.950000000000003,5,5
81.65,24.85,5,5
81.55,24.750000000000004,5,5
81.55,24.650000000000002,5,5
81.55,24.55,5,5
81.55,24.450000000000003,5,5
81.55,24.35,5,5
81.55,24.250000000000004,5,5
81.55,24.150000000000002,5,5
81.45,24.05,5,5
81.45,23.950000000000003,5,5
81.45,23.85,5,5
81.35000000000001,23.750000000000004,5,5
81.35000000000001,23.650000000000002,5,5
81.35000000000001,23.55,5,5
81.35000000000001,23.450000000000003,5,5
81.25,23.35,5,5
81.25,23.250000000000004,5,5
81.25,23.150000000000002,5,5
81.15,23.05,5,5
81.15,22.950000000000003,5,5
81.15,22.85,5,5
81.05,22.750000000000004,5,5
81.05,22.650000000000002,5,5
81.05,22.55,5,5
80.95,22.450000000000003,5,5
80.95,22.35,5,5
80.85000000000001,22.250000000000004,5,5
80.85000000000001,22.150000000000002,5,5
80.75,22.05,5,5
80.75,21.950000000000003,5,5
80.65,21.85,5,5
80.65,21.750000000000004,5,5
80.55,21.650000000000002,5,5
80.55,21.55,5,5
80.45,21.450000000000003,5,5
80.45,21.35,5,5
80.45,21.250000000000004,5,5
80.35000000000001,21.150000000000002,5,5
80.35000000000001,21.05,5,5
80.25,20.950000000000003,5,5
80.25,20.85,5,5
80.15,20.750000000000004,5,5
80.15,20.650000000000002,5,5
80.05,20.55,5,5
79.95,20.450000000000003,5,5
79.85000000000001,20.35,5,5
79.85000000000001,20.250000000000004,5,5
79.75,20.150000000000002,5,5
79.75,20.05,5,5
79.65,19.950000000000003,5,5
79.55,19.85,5,5
79.45,19.750000000000004,5,5
79.45,19.650000000000002,5,5
79.35000000000001,19.55,5,5
79.25,19.450000000000003,5,5
79.15,19.35,5,5
79.05,19.250000000000004,5,5
78.95,19.150000000000002,5,5
78.85000000000001,19.05,5,5
78.75,18.950000000000003,5,5
78.65,18.85,5,5
78.55,18.75,5,5
78.55,18.650000000000002,5,5
78.45,18.55,5,5
78.35000000000001,18.450000000000003,5,5
78.25,18.35,5,5
78.15,18.25,5,5
78.15,18.150000000000002,5,5
78.05,18.05,5,5
77.95,17.950000000000003,5,5
77.85000000000001,17.85,5,5
77.75,17.75,5,5
77.65,17.75,5,5
77.55,17.650000000000002,5,5
77.45,17.650000000000002,5,5
77.35000000000001,17.55,5,5
77.25,17.450000000000003,5,5
77.15,17.450000000000003,5,5
77.05,17.35,5,5
76.95,17.35,5,5
76.85000000000001,17.25,5,5
76.75,17.25,5,5
76.65,17.150000000000002,5,5
76.55,17.150000000000002,5,5
76.45,17.150000000000002,5,5
76.35,17.150000000000002,5,5
76.25,17.150000000000002,5,5
76.15,17.05,5,5
76.05,17.05,5,5
75.95,16.950000000000003,5,5
75.85,16.950000000000003,5,5
75.75,16.950000000000003,5,5
75.65,16.950000000000003,5,5
75.55,16.85,5,5
75.45,16.85,5,5
75.35,16.85,5,5
75.25,16.85,5,5
75.15,16.85,5,5
75.05,16.75,5,5
74.95,16.75,5,5
74.85,16.75,5,5
74.75,16.75,5,5
74.65,16.650000000000002,5,5
74.55,16.650000000000002,5,5
74.45,16.650000000000002,5,5
74.35,16.650000000000002,5,5
74.25,16.650000000000002,5,5
74.15,16.650000000000002,5,5
74.05,16.650000000000002,5,5
73.95,16.650000000000002,5,5
73.85,16.650000000000002,5,5
73.75,16.650000000000002,5,5
73.65,16.650000000000002,5,5
73.55,16.650000000000002,5,5
73.45,16.650000000000002,5,5
73.35,16.650000000000002,5,5
73.25,16.55,5,5
73.15,16.55,5,5
73.05,16.55,5,5
72.95,16.55,5,5
72.85,16.55,5,5
72.75,16.55,5,5
72.65,16.55,5,5
72.55,16.55,5,5
72.45,16.55,5,5
72.35,16.55,5,5
72.25,16.55,5,5
72.15,16.55,5,5
72.05,16.55,5,5
71.95,16.55,5,5
71.85,16.55,5,5
71.75,16.55,5,5
71.65,16.55,5,5
71.55,16.55,5,5
71.45,16.55,5,5
71.35,16.55,5,5
71.25,16.55,5,5
71.15,16.55,5,5
71.05,16.450000000000003,5,5
70.95,16.450000000000003,5,5
70.85,16.450000000000003,5,5
70.75,16.450000000000003,5,5
70.65,16.450000000000003,5,5
70.55,16.450000000000003,5,5
70.45,16.450000000000003,5,5
70.35,16.450000000000003,5,5
70.25,16.450000000000003,5,5
70.15,16.450000000000003,5,5
70.05,16.55,5,5
69.95,16.55,5,5
69.85,16.55,5,5
69.75,16.55,5,5
69.65,16.55,5,5
69.55,16.55,5,5
69.45,16.55,5,5
69.35,16.55,5,5
69.25,16.55,5,5
69.15,16.55,5,5
69.05,16.55,5,5
68.95,16.650000000000002,5,5
68.85,16.650000000000002,5,5
68.75,16.650000000000002,5,5
68.65,16.650000000000002,5,5
68.55,16.650000000000002,5,5
68.45,16.650000000000002,5,5
68.35,16.650000000000002,5,5
68.25,16.650000000000002,5,5
68.15,16.650000000000002,5,5
68.05,16.650000000000002,5,5
67.95,16.650000000000002,5,5
67.85,16.650000000000002,5,5
67.75,16.650000000000002,5,5
67.65,16.650000000000002,5,5
67.55,16.650000000000002,5,5
67.45,16.650000000000002,5,5
67.35,16.75,5,5
67.25,16.75,5,5
67.15,16.75,5,5
67.05,16.75,5,5
66.95,16.75,5,5
66.85,16.75,5,5
66.75,16.75,5,5
66.65,16.75,5,5
66.55,16.85,5,5
66.45,16.85,5,5
66.35,16.85,5,5
66.25,16.950000000000003,5,5
66.15,16.950000000000003,5,5
66.05,16.950000000000003,5,5
65.95,16.950000000000003,5,5
65.85,16.950000000000003,5,5
65.75,16.950000000000003,5,5
65.65,16.950000000000003,5,5
65.55,16.950000000000003,5,5
65.45,16.950000000000003,5,5
65.35,16.950000000000003,5,5
65.25,17.05,5,5
65.15,17.05,5,5
65.05,17.05,5,5
64.95,17.05,5,5
64.85,17.05,5,5
64.75,17.05,5,5
64.65,17.150000000000002,5,5
64.55,17.150000000000002,5,5
64.45,17.150000000000002,5,5
64.35,17.25,5,5
64.25,17.25,5,5
64.15,17.25,5,5
64.05,17.35,5,5
63.95,17.35,5,5
63.85,17.35,5,5
63.75,17.35,5,5
63.65,17.35,5,5
63.55,17.35,5,5
63.45,17.450000000000003,5,5
63.35,17.450000000000003,5,5
63.25,17.450000000000003,5,5
63.15,17.450000000000003,5,5
63.05,17.450000000000003,5,5
62.95,17.450000000000003,5,5
62.85,17.450000000000003,5,5
62.75,17.450000000000003,5,5
62.65,17.450000000000003,5,5
62.55,17.450000000000003,5,5
62.45,17.450000000000003,5,5
62.35,17.55,5,5
62.25,17.55,5,5
62.15,17.650000000000002,5,5
62.05,17.650000000000002,5,5
61.95,17.650000000000002,5,5
61.85,17.650000000000002,5,5
61.75,17.650000000000002,5,5
61.65,17.650000000000002,5,5
61.55,17.650000000000002,5,5
61.45,17.650000000000002,5,5
61.35,17.650000000000002,5,5
61.25,17.650000000000002,5,5
61.15,17.75,5,5
61.05,17.75,5,5
60.95,17.75,5,5
60.85,17.85,5,5
60.75,17.85,5,5
60.65,17.85,5,5
60.55,17.85,5,5
60.45,17.85,5,5
60.35,17.85,5,5
60.25,17.85,5,5
60.15,17.85,5,5
60.05,17.85,5,5
59.95,17.85,5,5
59.85,17.950000000000003,5,5
59.75,17.950000000000003,5,5
59.65,17.950000000000003,5,5
59.55,17.950000000000003,5,5
59.45,17.950000000000003,5,5
59.35,17.950000000000003,5,5
59.25,17.950000000000003,5,5
59.15,17.950000000000003,5,5
59.05,18.05,5,5
58.95,18.05,5,5
58.85,18.05,5,5
58.75,18.05,5,5
58.65,18.05,5,5
58.55,18.150000000000002,5,5
58.45,18.150000000000002,5,5
58.35,18.150000000000002,5,5
58.25,18.150000000000002,5,5
58.15,18.25,5,5
58.05,18.25,5,5
57.95,18.25,5,5
57.85,18.25,5,5
57.75,18.25,5,5
57.65,18.25,5,5
57.55,18.25,5,5
57.45,18.25,5,5
57.35,18.25,5,5
57.25,18.25,5,5
57.15,18.25,5,5
57.05,18.25,5,5
56.95,18.25,5,5
56.85,18.25,5,5
56.75,18.25,5,5
56.65,18.35,5,5
56.55,18.35,5,5
56.45,18.35,5,5
56.35,18.35,5,5
56.25,18.35,5,5
56.15,18.35,5,5
56.05,18.35,5,5
55.95,18.35,5,5
55.85,18.450000000000003,5,5
55.75,18.450000000000003,5,5
55.65,18.450000000000003,5,5
55.55,18.450000000000003,5,5
55.45,18.450000000000003,5,5
55.35,18.450000000000003,5,5
55.25,18.450000000000003,5,5
55.15,18.450000000000003,5,5
55.05,18.450000000000003,5,5
54.95,18.450000000000003,5,5
54.85,18.450000000000003,5,5
54.75,18.450000000000003,5,5
54.65,18.450000000000003,5,5
54.55,18.450000000000003,5,5
54.45,18.450000000000003,5,5
54.35,18.450000000000003,5,5
54.25,18.450000000000003,5,5
54.15,18.450000000000003,5,5
54.05,18.450000000000003,5,5
53.95,18.450000000000003,5,5
53.85,18.450000000000003,5,5
53.75,18.450000000000003,5,5
53.65,18.450000000000003,5,5
53.55,18.55,5,5
53.45,18.450000000000003,5,5
53.35,18.450000000000003,5,5
53.25,18.450000000000003,5,5
53.15,18.450000000000003,5,5
53.05,18.450000000000003,5,5
52.95,18.450000000000003,5,5
52.85,18.450000000000003,5,5
52.75,18.450000000000003,5,5
52.65,18.35,5,5
52.55,18.35,5,5
52.45,18.35,5,5
52.35,18.35,5,5
52.25,18.35,5,5
52.15,18.35,5,5
52.05,18.35,5,5
51.95,18.35,5,5
51.85,18.25,5,5
51.75,18.25,5,5
51.65,18.25,5,5
51.55,18.25,5,5
51.45,18.25,5,5
51.35,18.150000000000002,5,5
51.25,18.150000000000002,5,5
51.15,18.150000000000002,5,5
51.05,18.150000000000002,5,5
50.95,18.150000000000002,5,5
50.85,18.05,5,5
50.75,18.05,5,5
50.65,18.05,5,5
50.55,18.05,5,5
50.45,18.05,5,5
50.35,18.05,5,5
50.25,18.05,5,5
50.15,17.950000000000003,5,5
50.05,17.950000000000003,5,5
49.95,17.950000000000003,5,5
49.85,17.85,5,5
49.75,17.75,5,5
49.65,17.650000000000002,5,5
49.55,17.650000000000002,5,5
49.45,17.55,5,5
49.35,17.55,5,5
49.25,17.450000000000003,5,5
49.15,17.450000000000003,5,5
49.05,17.450000000000003,5,5
48.95,17.35,5,5
48.85,17.35,5,5
48.75,17.25,5,5
48.65,17.25,5,5
48.55,17.25,5,5
48.45,17.150000000000002,5,5
48.35,17.05,5,5
48.25,17.05,5,5
48.15,16.950000000000003,5,5
48.05,16.950000000000003,5,5
47.95,16.85,5,5
47.85,16.85,5,5
47.75,16.75,5,5
47.65,16.650000000000002,5,5
47.55,16.650000000000002,5,5
47.45,16.55,5,5
47.35,16.55,5,5
47.25,16.450000000000003,5,5
47.15,16.450000000000003,5,5
47.05,16.35,5,5
46.95,16.25,5,5
46.85,16.25,5,5
46.75,16.150000000000002,5,5
46.65,16.150000000000002,5,5
46.55,16.05,5,5
46.45,15.950000000000001,5,5
46.35,15.850000000000001,5,5
46.25,15.750000000000002,5,5
46.15,15.650000000000002,5,5
46.05,15.55,5,5
45.95,15.55,5,5
45.85,15.450000000000001,5,5
45.75,15.350000000000001,5,5
45.65,15.250000000000002,5,5
45.55,15.150000000000002,5,5
45.45,15.05,5,5
45.35,14.950000000000001,5,5
45.25,14.850000000000001,5,5
45.15,14.750000000000002,5,5
45.05,14.650000000000002,5,5
44.95,14.55,5,5
44.85,14.450000000000001,5,5
44.75,14.350000000000001,5,5
44.65,14.250000000000002,5,5
44.65,14.150000000000002,5,5
44.55,14.05,5,5
44.45,13.950000000000001,5,5
44.35,13.850000000000001,5,5
44.25,13.750000000000002,5,5
44.15,13.650000000000002,5,5
44.15,13.55,5,5
44.05,13.450000000000001,5,5
43.95,13.350000000000001,5,5
43.85,13.250000000000002,5,5
43.85,13.150000000000002,5,5
43.75,13.05,5,5
43.65,12.950000000000001,5,5
43.55,12.850000000000001,5,5
43.45,12.750000000000002,5,5
43.45,12.650000000000002,5,5
43.35,12.55,5,5
43.25,12.450000000000001,5,5
43.15,12.350000000000001,5,5
43.05,12.250000000000002,5,5
42.95,12.150000000000002,5,5
42.85,12.05,5,5
42.75,11.950000000000001,5,5
42.65,11.850000000000001,5,5
42.55,11.750000000000002,5,5
42.45,11.650000000000002,5,5
42.35,11.55,5,5
42.25,11.450000000000001,5,5
42.15,11.350000000000001,5,5
42.05,11.250000000000002,5,5
41.95,11.150000000000002,5,5
41.85,11.05,5,5
41.75,10.950000000000001,5,5
41.65,10.850000000000001,5,5
41.55,10.750000000000002,5,5
41.45,10.650000000000002,5,5
41.35,10.55,5,5
41.35,10.450000000000001,5,5
41.25,10.350000000000001,5,5
41.15,10.250000000000002,5,5
41.05,10.150000000000002,5,5
40.95,10.05,5,5
40.85,9.950000000000001,5,5
40.75,9.850000000000001,5,5
40.65,9.750000000000002,5,5
40.55,9.650000000000002,5,5
40.45,9.55,5,5
40.45,9.450000000000001,5,5
40.35,9.350000000000001,5,5
40.25,9.250000000000002,5,5
40.15,9.15,5,5
40.05,9.05,5,5
39.95,8.950000000000001,5,5
39.85,8.950000000000001,5,5
39.75,8.850000000000001,5,5
39.65,8.750000000000002,5,5
39.55,8.65,5,5
39.45,8.65,5,5
39.35,8.55,5,5
39.25,8.450000000000001,5,5
39.15,8.350000000000001,5,5
39.05,8.250000000000002,5,5
38.95,8.250000000000002,5,5
38.85,8.15,5,5
38.75,8.05,5,5
38.65,8.05,5,5
38.55,7.95,5,5
38.45,7.8500000000000005,5,5
38.35,7.75,5,5
38.25,7.75,5,5
38.15,7.65,5,5
38.05,7.65,5,5
37.949999999999996,7.65,5,5
37.85,7.55,5,5
37.75,7.45,5,5
37.65,7.45,5,5
37.55,7.3500000000000005,5,5
37.449999999999996,7.3500000000000005,5,5
37.35,7.3500000000000005,5,5
37.25,7.3500000000000005,5,5
37.15,7.25,5,5
37.05,7.25,5,5
36.949999999999996,7.15,5,5
36.85,7.05,5,5
36.75,7.05,5,5
36.65,7.05,5,5
36.55,7.05,5,5
36.449999999999996,7.05,5,5
36.35,6.95,5,5
36.25,6.95,5,5
36.15,6.95,5,5
36.05,6.95,5,5
35.949999999999996,6.95,5,5
35.85,6.95,5,5
35.75,6.95,5,5
35.65,6.95,5,5
35.55,6.8500000000000005,5,5
35.449999999999996,6.8500000000000005,5,5
35.35,6.8500000000000005,5,5
35.25,6.8500000000000005,5,5
35.15,6.8500000000000005,5,5
35.05,6.8500000000000005,5,5
34.949999999999996,6.8500000000000005,5,5
34.85,6.75,5,5
34.75,6.75,5,5
